,accuracy,auc_roc,sensitivity,specificity,f1_score,fp_fn,ppv,npv,mcc,classification_report
svm,0.9496587030716723,0.9846219122991495,0.9496587030716723,0.8801261829652997,0.9492129556878871,38/21,0.9564220183486238,0.93,0.8708567382950255,"{'NORMAL': {'precision': 0.93, 'recall': 0.8801261829652997, 'f1-score': 0.9043760129659644, 'support': 317.0}, 'PNEUMONIA': {'precision': 0.9564220183486238, 'recall': 0.9754385964912281, 'f1-score': 0.965836711059641, 'support': 855.0}, 'accuracy': 0.9496587030716723, 'macro avg': {'precision': 0.943211009174312, 'recall': 0.9277823897282639, 'f1-score': 0.9351063620128026, 'support': 1172.0}, 'weighted avg': {'precision': 0.9492754485393118, 'recall': 0.9496587030716723, 'f1-score': 0.9492129556878871, 'support': 1172.0}}"
knn,0.9257679180887372,0.9726880292213183,0.9257679180887372,0.7949526813880127,0.9239778612054546,65/22,0.9276169265033407,0.9197080291970803,0.807329382632032,"{'NORMAL': {'precision': 0.9197080291970803, 'recall': 0.7949526813880127, 'f1-score': 0.8527918781725888, 'support': 317.0}, 'PNEUMONIA': {'precision': 0.9276169265033407, 'recall': 0.9742690058479532, 'f1-score': 0.9503707929264119, 'support': 855.0}, 'accuracy': 0.9257679180887372, 'macro avg': {'precision': 0.9236624778502105, 'recall': 0.8846108436179829, 'f1-score': 0.9015813355495004, 'support': 1172.0}, 'weighted avg': {'precision': 0.9254777452353504, 'recall': 0.9257679180887372, 'f1-score': 0.9239778612054546, 'support': 1172.0}}"
random_forest,0.9206484641638225,0.9743778478794252,0.9206484641638225,0.7791798107255521,0.9185330315377284,70/23,0.9223946784922394,0.9148148148148149,0.793609040753992,"{'NORMAL': {'precision': 0.9148148148148149, 'recall': 0.7791798107255521, 'f1-score': 0.8415672913117547, 'support': 317.0}, 'PNEUMONIA': {'precision': 0.9223946784922394, 'recall': 0.9730994152046784, 'f1-score': 0.9470688673875924, 'support': 855.0}, 'accuracy': 0.9206484641638225, 'macro avg': {'precision': 0.9186047466535272, 'recall': 0.8761396129651152, 'f1-score': 0.8943180793496736, 'support': 1172.0}, 'weighted avg': {'precision': 0.9203444935214684, 'recall': 0.9206484641638225, 'f1-score': 0.9185330315377284, 'support': 1172.0}}"
